{
    "intrindic_dims": {
        "SHIHTZU": [
            22.54128625710919,
            53.81124343424269,
            54.10478547328528,
            41.157045741818095,
            27.803955817022878,
            20.43577509685943,
            18.045755600985636
        ],
        "BUTTERFLY": [
            33.487523701861264,
            45.4909033922717,
            48.10371219124136,
            28.755384190145254,
            25.006885115651272,
            17.98990379614585,
            16.264447486595014
        ],
        "MIX": [
            27.176475832656077,
            67.01756394064236,
            51.32504831770983,
            30.89579052696667,
            24.06546504747922,
            18.347396499187855,
            14.179534240110714
        ]
    },
    "intrindic_dims_errors": {
        "SHIHTZU": [
            0.32171070070935015,
            0.9366516689187687,
            4.630007192252425,
            1.3625691285043817,
            1.3562722716788425,
            0.5855942138143242,
            0.9016848688539857
        ],
        "BUTTERFLY": [
            2.7784944394721194,
            1.7736582756979233,
            2.632882380405022,
            1.1462764997023478,
            1.1500466782690568,
            1.2460366696663592,
            0.7157548526575133
        ],
        "MIX": [
            0.5407956131667974,
            4.869287158681017,
            7.6788368680077905,
            3.9255030329047473,
            0.7987054451487662,
            1.4951319472865465,
            0.884831784593494
        ]
    },
    "anisotropies": {
        "SHIHTZU": [
            0.16208225792663214,
            0.07303540363484798,
            0.03748359442225287,
            0.07926411911518969,
            0.11128108712537026,
            0.10544269920972657,
            0.15442621196637166
        ],
        "BUTTERFLY": [
            0.11743151156202006,
            0.05030622500531917,
            0.03642921758428132,
            0.08636938420992098,
            0.19526670140634553,
            0.20702895829836349,
            0.24426869870684367
        ],
        "MIX": [
            0.1511921657580006,
            0.0850222278567309,
            0.040078154364233454,
            0.06630184750961583,
            0.11539490069408272,
            0.12764115430235126,
            0.20182895267840725
        ]
    },
    "anisotropies_errors": {
        "SHIHTZU": [
            0.0049357510048376055,
            0.005284742349249497,
            0.0013485072816342477,
            0.0022789219550312465,
            0.0037441205274846246,
            0.0024113490082701802,
            0.0032903888563562216
        ],
        "BUTTERFLY": [
            0.004926950371019148,
            0.0007301578422534141,
            0.0016605804123154284,
            0.002256861248949993,
            0.004488841625961597,
            0.004832589018088606,
            0.004811462626267514
        ],
        "MIX": [
            0.003969839527840375,
            0.0019911162055718306,
            0.002377849855125418,
            0.001255011160679736,
            0.0073005479866525115,
            0.005422685543875746,
            0.005356790744689694
        ]
    },
    "layers_depths": [
        0,
        2,
        4,
        8,
        10,
        12,
        13
    ],
    "layers_names": [
        "input",
        "MaxPool2d",
        "MaxPool2d",
        "MaxPool2d",
        "Linear",
        "Linear",
        "Linear"
    ]
}