{
    "intrindic_dims": {
        "SHIHTZU": [
            24.097320366384825,
            60.323807087535194,
            81.31892689627198,
            98.53110504877475,
            90.62830865646076,
            88.54953329692698,
            95.2063984658961,
            75.34876569726079,
            82.98654577555115,
            53.67932181498714,
            86.9657374455394,
            66.89882436867234,
            71.39891177146038,
            37.79644233624033,
            37.325432275093696,
            38.39860706017905,
            44.21370828422698,
            35.184260709543295,
            37.83433201165077
        ],
        "BUTTERFLY": [
            32.25179345838102,
            66.67206545618906,
            108.37777415156674,
            146.5621959685033,
            80.18361011660741,
            60.093367127919365,
            62.58676561836176,
            71.71192297372404,
            75.638456532407,
            70.70652389214915,
            79.80191982605122,
            66.34172582786121,
            61.839366005890554,
            45.707185817328,
            37.205430642696925,
            34.9029713815738,
            27.73362523073589,
            18.290648499683645,
            14.514101557087034
        ],
        "MIX": [
            22.836352921161666,
            58.25269551630741,
            155.7470662515531,
            100.56585220095302,
            75.22367051603669,
            73.90284232179707,
            71.41846273106968,
            69.89446683888461,
            82.6857458445431,
            66.37932659635169,
            68.89264837413789,
            67.49893722937574,
            58.91488765740092,
            35.30932705982465,
            35.07493663420961,
            30.198812952883166,
            38.40892873651857,
            28.91143163773833,
            24.12115804655699
        ]
    },
    "intrindic_dims_errors": {
        "SHIHTZU": [
            1.2878883373038117,
            3.510298218597563,
            9.61017576076904,
            36.227292864997786,
            5.617471589341118,
            3.189342147171917,
            5.734250598916448,
            4.582691100368628,
            4.9663390101642335,
            3.7517000987755766,
            2.1622991061314862,
            3.34505233811679,
            6.222573124932783,
            2.527627045561758,
            2.1728994810798845,
            2.675624996826492,
            2.2086749683861036,
            1.3172289777753332,
            1.8598069330699276
        ],
        "BUTTERFLY": [
            2.0048232886933057,
            3.699470840079944,
            4.753550894979806,
            12.13131771217703,
            2.2046388281784783,
            2.765136999064469,
            2.605697717140203,
            4.845288244494798,
            3.0874107033345206,
            2.088420066389237,
            2.812077057165354,
            2.6304496649444062,
            2.744115720046945,
            1.2481551689140833,
            1.4858137707200985,
            1.244020088183028,
            1.206361612783828,
            0.4676473190424066,
            0.6679004433612711
        ],
        "MIX": [
            0.5133864409147216,
            9.695231698181088,
            6.995073580021006,
            17.844043566239886,
            6.961975692595445,
            4.113302446661888,
            5.749523687503604,
            6.123248889778836,
            5.919016641843274,
            16.483057633965192,
            3.00198544352552,
            12.29743304052947,
            1.880594154167181,
            1.4400332487945735,
            1.8994442444934116,
            1.0554045937861058,
            2.2941091959540083,
            1.6606465301188627,
            1.8051541517651821
        ]
    },
    "anisotropies": {
        "SHIHTZU": [
            0.1582838980872345,
            0.03586302363324416,
            0.020562163914058507,
            0.01489889884604426,
            0.05011224850218458,
            0.08734583329164185,
            0.10828694511928628,
            0.019828630464758943,
            0.0217204122778575,
            0.021695509730707514,
            0.02356461589118482,
            0.023224923182315043,
            0.031847815682615965,
            0.08592712820802577,
            0.1277258596738187,
            0.1344975392146027,
            0.04767531628725839,
            0.06454685021583437,
            0.05695607968874423
        ],
        "BUTTERFLY": [
            0.1338206709639922,
            0.05225452475472168,
            0.027563536890778933,
            0.021077300997920646,
            0.03379030985095068,
            0.08464352866339109,
            0.1547237183955026,
            0.02127135985353265,
            0.020354310320032043,
            0.018874296919814886,
            0.018614781125466596,
            0.02346518178167665,
            0.0246199972918801,
            0.06476672675925384,
            0.09059269672967771,
            0.12058667305977068,
            0.08658954424201061,
            0.12610138806537535,
            0.13646897700604552
        ],
        "MIX": [
            0.1674985767643884,
            0.04603835608557242,
            0.0281060852506446,
            0.016722609403347532,
            0.05809698570067592,
            0.0807631111638618,
            0.07749941814638653,
            0.02055573191160657,
            0.023202078886516354,
            0.020066564359359346,
            0.022936420098102178,
            0.01861787553239121,
            0.0326738180885264,
            0.09030810128930525,
            0.12922467121144407,
            0.16756215702724725,
            0.05051546287760642,
            0.06290783756397782,
            0.08841941719065509
        ]
    },
    "anisotropies_errors": {
        "SHIHTZU": [
            0.003987033801759659,
            0.0016957564952137277,
            0.000606417645432433,
            0.0004194832490865984,
            0.0013841397932699375,
            0.004291882829438381,
            0.0021248864280487534,
            0.0005568870868284174,
            0.0009750537941781549,
            0.00030157336880545375,
            0.00042926285717427706,
            0.00042457016665175813,
            0.0005591464164087044,
            0.0027476892852473047,
            0.004263028392174655,
            0.0016874157134330547,
            0.0010378181920536803,
            0.0023074742660507395,
            0.0013555900383528758
        ],
        "BUTTERFLY": [
            0.0038331428736782785,
            0.0026553649891499502,
            0.0005894282773342004,
            0.0010993103209925555,
            0.0008223241520155537,
            0.0033345510595653924,
            0.0330831940604658,
            0.000555572501711713,
            0.0004741537452403785,
            0.00047666679425390445,
            0.0003496239801306841,
            0.0006173965696966235,
            0.00042550747711369994,
            0.001561303180104048,
            0.004181572042184849,
            0.0022557851204372285,
            0.0022613659763802956,
            0.005192357228788001,
            0.0065770890443943375
        ],
        "MIX": [
            0.003874994352928117,
            0.001534158119809762,
            0.0003985136368053368,
            0.0003746363403506093,
            0.0020292787470315237,
            0.0026097251155671954,
            0.0019866891917482542,
            0.0007940611719347945,
            0.0003389731393875753,
            0.0004079730762548975,
            0.0004691589125867756,
            0.00040722990089426603,
            0.000619227479645034,
            0.0017366340722508213,
            0.003864659218742764,
            0.008544588250492669,
            0.0009732921579465029,
            0.002108627650535807,
            0.0018681318913681148
        ]
    },