{
    "intrindic_dims": {
        "SHIHTZU": [
            23.443982354164792,
            60.76610251354474,
            116.15106273140262,
            89.56009688699532,
            78.3848701700804,
            102.60751717331576,
            101.32293860262942,
            90.45231174910542,
            75.58755609076994,
            84.9222129328856,
            100.21234938247392,
            78.18260544765774,
            107.45194806695203,
            56.21083534755326,
            98.89483760158477,
            76.26934841230901,
            85.32339270086804,
            80.60744215633622,
            70.41114377767515,
            52.904618875757095,
            53.53497607820659,
            51.549592106421514,
            47.24040410239097,
            60.00208006800728,
            44.228013678265405,
            38.478159861455154,
            35.89554293116364,
            27.641972392029896,
            26.291282636479128,
            25.229986829949947,
            22.414852160352556,
            26.517556216727282,
            23.641666494600514,
            26.693603890381997,
            35.13060848844082,
            33.0595302483056,
            32.103680859106035
        ],
        "BUTTERFLY": [
            31.909723484890755,
            91.13566796454245,
            103.74375664606141,
            135.17180297908214,
            108.26008302392519,
            93.1334969471311,
            76.49454700977601,
            78.99658183059167,
            75.06793317212255,
            98.46419444042976,
            75.9256004743571,
            68.96158773141956,
            85.76965640268646,
            76.48972994096864,
            64.24338415820829,
            65.67582534574278,
            79.16360941840331,
            59.92840737394322,
            71.93876829115598,
            47.04570196913331,
            47.2314671254098,
            59.63586803945196,
            57.19130818141614,
            50.038466527788145,
            37.84727703530998,
            42.76379783468623,
            30.918405089247177,
            28.230722317153,
            32.44737980663038,
            24.806010645162957,
            28.262600813944754,
            28.58104899773043,
            31.311629394925397,
            28.325002541597367,
            23.616356212345547,
            21.239377499227835,
            17.923840551177825
        ],
        "MIX": [
            22.103870553003862,
            97.52928857068038,
            49.56214092684483,
            113.42105306258702,
            50.60978280492044,
            104.59957436644467,
            109.19861599598023,
            85.78523238063383,
            102.77933781633699,
            79.1254925290827,
            90.50397286946621,
            73.02166877443217,
            79.65525998681626,
            80.71657856999556,
            94.52840129796822,
            89.41022861740733,
            78.0920782701633,
            88.9574775013231,
            85.05611186526538,
            52.96401200695511,
            48.61622235148512,
            54.85292936094377,
            48.65675979764315,
            47.01219426301514,
            33.25486654019619,
            35.5396585923897,
            34.324964092477764,
            24.671219734994782,
            22.335335952619165,
            20.68138422277672,
            20.41091723482433,
            23.69923879657556,
            26.109175886850995,
            23.56522386737829,
            19.736527741158636,
            20.06262248569001,
            17.142488799949785
        ]
    },
    "intrindic_dims_errors": {
        "SHIHTZU": [
            0.6569627119423423,
            9.326871655053361,
            5.181527497467223,
            44.31507612630408,
            1.5542460335734798,
            3.101323285366006,
            4.668722734404253,
            9.705461909642802,
            12.61470093140684,
            14.859910517646817,
            6.580109110482691,
            2.2971246223127713,
            6.99242392022158,
            1.3245180906845793,
            4.330585723190467,
            3.013452584057288,
            3.1567464734194814,
            4.908821046816315,
            3.4571366137781676,
            1.8504246995820706,
            2.1951892911122175,
            1.2156983291852392,
            0.7889065767773279,
            1.5187285000398167,
            1.9404452117478366,
            2.0966100211236744,
            1.5166891468031134,
            1.159932518027911,
            0.9741600529204771,
            1.2660698852770444,
            0.5891242181747954,
            0.548476781347346,
            2.2295189023557307,
            1.2779269497235761,
            1.520046723760647,
            1.1632132484175488,
            1.033226628491785
        ],
        "BUTTERFLY": [
            1.6772472366375228,
            2.376688695080827,
            9.243691726539584,
            5.058730045181914,
            4.281162530781765,
            4.1235357236839585,
            2.2595671028949362,
            3.0770112437439203,
            4.841879768068168,
            3.20530670197433,
            6.799238906461287,
            6.17134188354466,
            2.6851238647874545,
            6.509750541386021,
            3.0545240736340937,
            3.4241204473225135,
            4.146331516901406,
            1.7356342620272058,
            1.9862876536232728,
            1.791020566192244,
            2.1579456048130723,
            2.352735485785733,
            0.933758292191655,
            4.01346273453797,
            1.4208638988198752,
            2.508844423642973,
            1.661524103736187,
            1.485861832969475,
            2.143620179411021,
            0.8914289408951032,
            1.5947730012656922,
            1.3921241163745284,
            0.9437848302265248,
            1.2105020718392618,
            1.32912979945625,
            0.7451167179241324,
            0.8843475603576392
        ],
        "MIX": [
            1.7605789019522347,
            15.930889143045086,
            37.463559702871216,
            19.378560239532362,
            17.644218482218765,
            4.888221371746897,
            2.83172090618462,
            2.9143019033932536,
            5.067058400058851,
            3.049713307855716,
            3.781305664492346,
            8.819821200839774,
            4.932060894567445,
            6.898688216869984,
            6.867992060535869,
            3.9069829471364175,
            6.008156286829313,
            9.501575036557671,
            5.034401995670965,
            1.844549878662197,
            0.7133436949301093,
            2.465316785321921,
            3.2629296416470295,
            2.0459210962158214,
            1.0902725199286472,
            1.4250873646771023,
            2.9936674927780174,
            0.5601322513865524,
            0.9318966111720601,
            1.111793356430542,
            1.0985511238532382,
            0.6782842731998271,
            1.3026175272116254,
            1.6797409756475914,
            1.038192697152075,
            1.2589223409182584,
            1.0811298431006549
        ]
    },