{
    "intrindic_dims": {
        "SHIHTZU": [
            23.82868112612368,
            24.54252541265608,
            32.18564152159321,
            40.12618981222669,
            46.11499463378849,
            40.12014358347236,
            34.37274157466241,
            29.1448342849468,
            29.208374368139992,
            33.78900736272043,
            35.15197768572635,
            45.49203953734823,
            60.047793005063305,
            44.56827566500276
        ],
        "BUTTERFLY": [
            30.829443607398936,
            43.0340284551981,
            49.46012749007803,
            59.14618501120392,
            41.76576849990484,
            62.518750901274935,
            57.0663878799703,
            38.024224303156124,
            41.07210436748761,
            41.469852771511924,
            45.337835884157585,
            49.499030772668334,
            48.83548892357716,
            54.666487528749755
        ],
        "MIX": [
            27.11876567885036,
            32.113645227011325,
            48.86689340766351,
            37.23383943876434,
            49.37161577607625,
            51.48482503951574,
            45.82260706491358,
            36.45027195865445,
            34.64326782463637,
            39.29516075839404,
            43.15439826351521,
            38.76197426359946,
            59.046803350679966,
            88.91568391988058
        ]
    },
    "intrindic_dims_errors": {
        "SHIHTZU": [
            0.8601169858629185,
            1.3851339633194506,
            0.9311449528155318,
            2.3038772476879283,
            1.564685870900934,
            1.5158741661884336,
            1.4891085189712197,
            1.657420290257968,
            1.4215398406333446,
            2.6617681553216554,
            1.3128042106824986,
            1.9613129378291185,
            3.691073298704365,
            7.072985363688531
        ],
        "BUTTERFLY": [
            1.7220523659157356,
            3.238323837320571,
            5.220476811028175,
            3.3333155106019223,
            2.8885703845871196,
            2.083769578208996,
            4.947540941709048,
            1.9694110325774636,
            2.4207294412501916,
            2.923153394917612,
            1.847301312314655,
            3.252915247219247,
            2.9090974006121173,
            3.110110513968771
        ],
        "MIX": [
            1.308711089065227,
            1.7820961027051139,
            4.87843022517296,
            1.2190851150946718,
            3.1587560096465053,
            2.0116651686847256,
            2.37312323277446,
            2.2504925760151693,
            1.7945941449030334,
            2.363410251150689,
            1.7868643716079144,
            1.9489423085934026,
            3.5090320203403973,
            4.852563072052287
        ]
    },
    "anisotropies": {
        "SHIHTZU": [
            0.1788302968531393,
            0.12257694381181106,
            0.09399344843127497,
            0.10012920421834191,
            0.07906310823370148,
            0.08727702447655582,
            0.15054341650647302,
            0.19230285427120927,
            0.19486421977121046,
            0.2437872279096789,
            0.2112589151769194,
            0.22839906975281263,
            0.1383001794214803,
            0.07683689963579536
        ],
        "BUTTERFLY": [
            0.15382375145376154,
            0.0884450854496367,
            0.09226772995988998,
            0.08727686233123612,
            0.11318058148967013,
            0.09194634630434731,
            0.21666650311429494,
            0.2870942244617872,
            0.28495356955432893,
            0.31083246688807276,
            0.30336263345808734,
            0.281504789930032,
            0.18084197880060415,
            0.12477696782287485
        ],
        "MIX": [
            0.1579911263081018,
            0.12875138976623332,
            0.12392494912383985,
            0.08538365717438821,
            0.1054945421850748,
            0.0962587324274869,
            0.2030569291895831,
            0.24488726399898636,
            0.2222658878026908,
            0.23980261482363205,
            0.2530971372863562,
            0.2441167098541439,
            0.1942449524228367,
            0.08960987623954483
        ]
    },
    "anisotropies_errors": {
        "SHIHTZU": [
            0.0037187210979074416,
            0.0033764958762841886,
            0.00175393173920872,
            0.0014780443143423078,
            0.0018410193303904571,
            0.0039142780241041035,
            0.0062734266406132815,
            0.0033164170596679493,
            0.0032655883965529062,
            0.009039668722974464,
            0.003851730754595821,
            0.0054737730429612694,
            0.00598162245852868,
            0.0016533557735903051
        ],
        "BUTTERFLY": [
            0.005915927232870667,
            0.003313315648585149,
            0.0024243829296944318,
            0.004903249013474614,
            0.0034529298450837465,
            0.005079471800655557,
            0.010617698860974526,
            0.010470690156706193,
            0.0028197247564684673,
            0.011007350785334668,
            0.007524601210970207,
            0.008220577674810903,
            0.005455416008628958,
            0.002842402575776822
        ],
        "MIX": [
            0.005667008183295733,
            0.0025320216984393473,
            0.004034025504855326,
            0.0031728407575508017,
            0.0026131702098184583,
            0.003395123889152771,
            0.005621679088122508,
            0.006545815505616175,
            0.010346349101271487,
            0.006909542962010221,
            0.005865628347439495,
            0.009204187207315065,
            0.003993914161654425,
            0.0031487365796751413
        ]
    },
    "layers_depths": [
        0,
        1,
        2,
        3,
        4,
        5,
        6,
        7,
        8,
        9,
        10,
        11,
        12,
        13
    ],
    "layers_names": [
        "input",
        "BeitEmbeddings",
        "BeitLayer",
        "BeitLayer",
        "BeitLayer",
        "BeitLayer",
        "BeitLayer",
        "BeitLayer",
        "BeitLayer",
        "BeitLayer",
        "BeitLayer",
        "BeitLayer",
        "BeitLayer",
        "BeitLayer"
    ]
}