{
    "intrindic_dims": {
        "SHIHTZU": [
            23.012210839717675,
            29.982980356728785,
            36.23075366030926,
            41.44503126105927,
            37.55750971895812,
            40.21828510291592,
            45.330290079997795,
            28.80647752377278,
            33.38793864363935,
            33.270003854657354,
            34.76228978237951,
            48.0691247715124,
            54.28116787491178,
            64.03925849795107
        ],
        "BUTTERFLY": [
            33.53575441220941,
            40.64876141438708,
            67.16112935783954,
            51.85690198065428,
            49.62199415375935,
            63.42013231249478,
            48.55850623929571,
            52.440520751879674,
            39.54860979195449,
            44.46422686945685,
            51.728677884451756,
            44.121631915091506,
            52.65865898434902,
            64.51341913979363
        ],
        "MIX": [
            22.864436418725006,
            31.01328743691605,
            42.2778342720041,
            29.994000403461758,
            54.33037468641297,
            46.765696354468005,
            50.01451501099894,
            41.13411474489175,
            35.89167537196078,
            38.069989056830494,
            38.293964395527055,
            47.606044431409096,
            64.91460066020052,
            67.58931330661781
        ]
    },
    "intrindic_dims_errors": {
        "SHIHTZU": [
            0.7783371246268873,
            1.9396349048657546,
            1.2829192914694842,
            1.1264780865025037,
            1.9900433039402676,
            1.6164093270499937,
            3.831967102529665,
            1.271075929601662,
            1.7729533459490183,
            2.4006888712690717,
            1.1890152530207119,
            1.6428265711801517,
            3.831885040615073,
            9.056706356112036
        ],
        "BUTTERFLY": [
            1.3644517911251346,
            2.5519269510258806,
            9.83190288131243,
            1.9971746957414147,
            7.956951620358066,
            1.7724434251453978,
            1.580552185402546,
            2.840354914922307,
            3.1479665461258675,
            0.8705772107995418,
            2.573772822089129,
            2.884404994953154,
            1.977130431375869,
            6.78594713127047
        ],
        "MIX": [
            1.0649580415829896,
            0.9370517312637475,
            1.6551512300653228,
            1.0985672180491117,
            2.0418572278245652,
            3.9691229160318326,
            5.362573943989654,
            1.655987499080751,
            2.1186509729069,
            0.7361455456419554,
            2.3541330268157608,
            2.349491989575579,
            5.430985080700321,
            33.70317634677816
        ]
    },
    "anisotropies": {
        "SHIHTZU": [
            0.1431802708548778,
            0.12458687482298561,
            0.09571999096408919,
            0.07720643039738387,
            0.08650506874580696,
            0.08121929736815227,
            0.17791689340658318,
            0.19601573625374738,
            0.20371987776707165,
            0.24523516665038764,
            0.20356278158759372,
            0.2117049297717668,
            0.12865257993195645,
            0.07740381418090295
        ],
        "BUTTERFLY": [
            0.14449870973133436,
            0.09226813923405362,
            0.08276686533405744,
            0.09414275343541896,
            0.0827255095378941,
            0.0903964848441438,
            0.282886279767424,
            0.3161667623710405,
            0.28243985556224516,
            0.345114938664604,
            0.28754957730607583,
            0.31148587451212706,
            0.2062216020428993,
            0.11522599176403306
        ],
        "MIX": [
            0.17248528993140932,
            0.12450150729812318,
            0.10725181345076941,
            0.12393449415973058,
            0.11368272450920092,
            0.08734511760464425,
            0.22627184275449727,
            0.2613967448537732,
            0.20489396317476619,
            0.27144810098946087,
            0.22533432819870763,
            0.23376317407537814,
            0.15345777791964976,
            0.07858767952831898
        ]
    },
    "anisotropies_errors": {
        "SHIHTZU": [
            0.003373660319300494,
            0.00180119011234281,
            0.0015414301573596415,
            0.0015273139872425177,
            0.0018151916346656125,
            0.0019368578985408242,
            0.01149435875803771,
            0.0044686867173057325,
            0.010266837059870807,
            0.008482234850804694,
            0.0057226757904984115,
            0.003540102926728275,
            0.0030031447838234503,
            0.0021293124206267014
        ],
        "BUTTERFLY": [
            0.004187282498774149,
            0.0028150300975019584,
            0.0017461301505848304,
            0.005041987700167644,
            0.00228408918075354,
            0.0042078442272665394,
            0.006738813804575687,
            0.00851931356060061,
            0.007743820869148678,
            0.005234430369751188,
            0.004439291374225335,
            0.004886237396741846,
            0.004319846787776117,
            0.003953075373058217
        ],
        "MIX": [
            0.00655327509210553,
            0.004103080234377436,
            0.00750579889058205,
            0.007313776624195773,
            0.0025280303996256122,
            0.010742667181571249,
            0.005509530855194738,
            0.005885972085932327,
            0.004246900495701808,
            0.008788291296801143,
            0.009244283352162095,
            0.00422212854415007,
            0.005803528875286704,
            0.0021653071697461876
        ]
    },
    "layers_depths": [
        0,
        1,
        2,
        3,
        4,
        5,
        6,
        7,
        8,
        9,
        10,
        11,
        12,
        13
    ],
    "layers_names": [
        "input",
        "BeitEmbeddings",
        "BeitLayer",
        "BeitLayer",
        "BeitLayer",
        "BeitLayer",
        "BeitLayer",
        "BeitLayer",
        "BeitLayer",
        "BeitLayer",
        "BeitLayer",
        "BeitLayer",
        "BeitLayer",
        "BeitLayer"
    ]
}