{
    "intrindic_dims": {
        "SHIHTZU": [
            23.75835385493945,
            221.30261851224864,
            233.6633547007498,
            287.20407646572187,
            242.33047705122067,
            203.39741100793185,
            57.31624033881403,
            29.213257910018065,
            23.313277817976832,
            27.110242993660385,
            27.113398213940716,
            32.055740060998076,
            35.57061552006166
        ],
        "BUTTERFLY": [
            30.673478777851464,
            58.64897234520796,
            114.94473227414497,
            223.25864200408563,
            228.32695278056948,
            187.25210538519352,
            49.4069637652802,
            29.864728116407075,
            24.888898954847697,
            27.475281197363966,
            26.98783428673371,
            30.162695523980155,
            34.28840543034902
        ],
        "MIX": [
            23.14848440085122,
            231.06499011997423,
            218.48705219975153,
            146.6595032175537,
            223.1141865577984,
            216.0914529047821,
            57.326124451669855,
            25.170393006450073,
            22.843144553090863,
            27.99158748116707,
            29.401219274776967,
            30.161095714893264,
            35.354743426541674
        ]
    },
    "intrindic_dims_errors": {
        "SHIHTZU": [
            1.153493655082799,
            28.217548454716574,
            16.59905478295508,
            14.293581923312768,
            19.192239348942252,
            12.899093988852941,
            4.104327371988143,
            1.492587638588048,
            1.8506399350206315,
            0.8450682104873973,
            1.1608605205137124,
            1.4829239719707854,
            1.4202771580532136
        ],
        "BUTTERFLY": [
            1.353364343784236,
            2.585009113528637,
            13.905192537416712,
            8.3340093860388,
            13.388634286429935,
            3.772338860144169,
            3.011115880800096,
            1.7100970212194384,
            0.8032997109810884,
            1.4427120963645317,
            1.9280735235165243,
            1.1160473948553868,
            1.138881377673394
        ],
        "MIX": [
            1.8530085576504427,
            25.232128514908467,
            17.961212982984264,
            27.63634181500602,
            14.143049759266201,
            9.0815343083049,
            3.110192655591442,
            1.5031154656618997,
            1.1401141695712844,
            1.719102022582614,
            1.380756696852632,
            1.4365164659852148,
            1.7267434892641802
        ]
    },
    "anisotropies": {
        "SHIHTZU": [
            0.16816351265953225,
            0.01464608510304606,
            0.021154929207630513,
            0.01809477221899858,
            0.016852090795769888,
            0.01775119090098995,
            0.018059787965767786,
            0.029054414029403428,
            0.032261387829098216,
            0.030514399340865358,
            0.028615872627972074,
            0.02542595915341154,
            0.02487309184111291
        ],
        "BUTTERFLY": [
            0.14843844474374088,
            0.014024100293676522,
            0.020235335887254565,
            0.019943316136364804,
            0.018088650105310525,
            0.01924794438290094,
            0.019554639027921324,
            0.026282079565408397,
            0.02860747259808225,
            0.029910243813407584,
            0.02770895435544071,
            0.027038142889613377,
            0.027066171254931347
        ],
        "MIX": [
            0.1472564051369807,
            0.015108349733324932,
            0.024468480561933337,
            0.020135120205594964,
            0.020387060652355078,
            0.019234383943237347,
            0.01876633427776896,
            0.027332008054388086,
            0.02957692037657519,
            0.03199043470295185,
            0.028711592360890915,
            0.024939690290914213,
            0.0261420139415732
        ]
    },
    "anisotropies_errors": {
        "SHIHTZU": [
            0.004764457303626802,
            0.00026744674134839474,
            0.0005564470306762057,
            0.0005431656553091243,
            0.0003900042083457174,
            0.0006254831898324743,
            0.000562159907126299,
            0.001119532466684942,
            0.0011061768845518996,
            0.0008820165255738326,
            0.0005342044183466778,
            0.0006616803962444591,
            0.00030047133387257495
        ],
        "BUTTERFLY": [
            0.004157907228161878,
            0.0002593989503616244,
            0.00040936468728457404,
            0.000541788615783728,
            0.0004969054995787817,
            0.0003780250445363183,
            0.00051708369857107,
            0.0005857093238259453,
            0.0009636334275174895,
            0.0011620374356043444,
            0.000973006270093741,
            0.0011806468494103648,
            0.00046962062614691743
        ],
        "MIX": [
            0.007530002941247482,
            0.0001636298505314395,
            0.00031840157967072326,
            0.00027509713795208874,
            0.0006194965399537215,
            0.0005183929447613682,
            0.0004237991570152795,
            0.0006211050668602367,
            0.000698487513190821,
            0.0009615535425982922,
            0.0005355085482132011,
            0.0006287586900705004,
            0.00048573779513632606
        ]
    },
    "layers_depths": [
        0,
        2,
        3,
        4,
        5,
        6,
        7,
        8,
        9,
        10,
        11,
        12,
        13
    ],
    "layers_names": [
        "input",
        "CLIPEncoderLayer",
        "CLIPEncoderLayer",
        "CLIPEncoderLayer",
        "CLIPEncoderLayer",
        "CLIPEncoderLayer",
        "CLIPEncoderLayer",
        "CLIPEncoderLayer",
        "CLIPEncoderLayer",
        "CLIPEncoderLayer",
        "CLIPEncoderLayer",
        "CLIPEncoderLayer",
        "CLIPEncoderLayer"
    ]
}