{
    "intrindic_dims": {
        "SHIHTZU": [
            26.353195044928594,
            33.03859901837066,
            82.75381791896562,
            119.59196886554982,
            71.84133847282547,
            46.853207012750985,
            21.729527117798433,
            20.67390156248885
        ],
        "BUTTERFLY": [
            33.43443391386394,
            46.62930566224763,
            67.37103706168932,
            134.2367878402758,
            75.82302292572344,
            38.001279899819856,
            24.93923533588645,
            22.987971564348744
        ],
        "MIX": [
            28.27468387218979,
            34.55857822086797,
            106.35024338808331,
            57.201423916960984,
            48.89949495773364,
            35.41280058777859,
            18.50957895336243,
            16.19381084843565
        ]
    },
    "intrindic_dims_errors": {
        "SHIHTZU": [
            0.5554885267100336,
            2.4371404430054224,
            6.164630697139492,
            4.126344775475155,
            4.172321005274982,
            1.6519665548410372,
            0.9792519657884404,
            1.173909863522956
        ],
        "BUTTERFLY": [
            2.038978304125114,
            2.0493281695555092,
            5.953173745177257,
            22.995112287155067,
            3.693146808737553,
            1.0977056497626834,
            1.094966911165167,
            1.1536731922087524
        ],
        "MIX": [
            1.0907330402553257,
            1.6330423005454628,
            8.856613790555102,
            1.952719093130663,
            1.7292710222208953,
            1.9983922655469704,
            0.6678762579001964,
            0.8458378583419333
        ]
    },
    "anisotropies": {
        "SHIHTZU": [
            0.16179555712677113,
            0.0836875689243793,
            0.023906205148733185,
            0.012634577476547478,
            0.02170112145582229,
            0.047300621373102605,
            0.08762615772374045,
            0.12812112801047104
        ],
        "BUTTERFLY": [
            0.15615546426084084,
            0.0466356804261455,
            0.020686630655876354,
            0.012824330580786318,
            0.021988671186331462,
            0.07274703361010726,
            0.12252733263879158,
            0.1462807670208763
        ],
        "MIX": [
            0.16032962282990118,
            0.09915351303125453,
            0.02419815401244465,
            0.015320884800599396,
            0.022565982624898704,
            0.06998949811406317,
            0.16860733855188054,
            0.22076170647475574
        ]
    },
    "anisotropies_errors": {
        "SHIHTZU": [
            0.00409607350390958,
            0.0023499149583067927,
            0.00039337081921511386,
            0.00025528875416032154,
            0.00043437393795346305,
            0.0009448457823536672,
            0.0021618301973521047,
            0.005471646738668106
        ],
        "BUTTERFLY": [
            0.005637902847092204,
            0.0019185596547028753,
            0.00041296990083062457,
            0.00032635876910330736,
            0.0006755618665562238,
            0.001588717823361497,
            0.00489957709329886,
            0.006734242417218994
        ],
        "MIX": [
            0.0038010536552413065,
            0.0031481557919935035,
            0.0004198039889760557,
            0.0002508790814629688,
            0.0002503254993368528,
            0.0013795584313489554,
            0.003004821265505366,
            0.003998820510060991
        ]
    },
    "layers_depths": [
        0,
        1,
        10,
        22,
        40,
        49,
        50,
        51
    ],
    "layers_names": [
        "input",
        "maxpool",
        "layer1",
        "layer2",
        "layer3",
        "layer4",
        "avgpool",
        "fc"
    ]
}